0_pre-RR,0_post-RR,0_pPeak,0_tPeak,0_rPeak,0_sPeak,0_qPeak,0_qrs_interval,0_pq_interval,0_qt_interval,0_st_interval,0_qrs_morph0,0_qrs_morph1,0_qrs_morph2,0_qrs_morph3,0_qrs_morph4,1_pre-RR,1_post-RR,1_pPeak,1_tPeak,1_rPeak,1_sPeak,1_qPeak,1_qrs_interval,1_pq_interval,1_qt_interval,1_st_interval,1_qrs_morph0,1_qrs_morph1,1_qrs_morph2,1_qrs_morph3,1_qrs_morph4
194,426,-0.063860815,-0.311833877,1.283615525,-0.320058488,-0.098462666,23,5,31,3,-0.098462666,0.123839026,1.117713334,1.097078265,0.03266549,194,426,0.009071587,5.10E-05,0.00257567,-0.001227623,0.00257567,3,4,10,3,0.00257567,0.00257567,0.000680908,0.000680908,-0.000658695
