0_pre-RR,0_post-RR,0_pPeak,0_tPeak,0_rPeak,0_sPeak,0_qPeak,0_qrs_interval,0_pq_interval,0_qt_interval,0_st_interval,0_qrs_morph0,0_qrs_morph1,0_qrs_morph2,0_qrs_morph3,0_qrs_morph4,1_pre-RR,1_post-RR,1_pPeak,1_tPeak,1_rPeak,1_sPeak,1_qPeak,1_qrs_interval,1_pq_interval,1_qt_interval,1_st_interval,1_qrs_morph0,1_qrs_morph1,1_qrs_morph2,1_qrs_morph3,1_qrs_morph4
78,35,0.404650269,1.290360561,-0.491009861,-1.631209904,-0.491009861,6,6,24,12,-0.491009861,-0.774698482,-1.054227366,-1.304798696,-1.500048593,78,35,0.358252001,0.021683214,0.201296026,-0.291655908,-0.278201458,20,9,39,10,-0.278201458,-0.062649377,0.188568706,0.123945862,-0.133161089
