0_pre-RR,0_post-RR,0_pPeak,0_tPeak,0_rPeak,0_sPeak,0_qPeak,0_qrs_interval,0_pq_interval,0_qt_interval,0_st_interval,0_qrs_morph0,0_qrs_morph1,0_qrs_morph2,0_qrs_morph3,0_qrs_morph4,1_pre-RR,1_post-RR,1_pPeak,1_tPeak,1_rPeak,1_sPeak,1_qPeak,1_qrs_interval,1_pq_interval,1_qt_interval,1_st_interval,1_qrs_morph0,1_qrs_morph1,1_qrs_morph2,1_qrs_morph3,1_qrs_morph4
140,152,0.134643295,0.049559428,-0.096082985,-0.598573366,-0.096082985,7,5,22,10,-0.096082985,-0.179672553,-0.269633839,-0.449338354,-0.523404461,140,152,0.298590739,-0.221312823,0.451153218,-0.732536969,-0.523102712,24,8,41,9,-0.523102712,-0.287390135,0.278642755,0.424017525,-0.135672318
