0_pre-RR,0_post-RR,0_pPeak,0_tPeak,0_rPeak,0_sPeak,0_qPeak,0_qrs_interval,0_pq_interval,0_qt_interval,0_st_interval,0_qrs_morph0,0_qrs_morph1,0_qrs_morph2,0_qrs_morph3,0_qrs_morph4,1_pre-RR,1_post-RR,1_pPeak,1_tPeak,1_rPeak,1_sPeak,1_qPeak,1_qrs_interval,1_pq_interval,1_qt_interval,1_st_interval,1_qrs_morph0,1_qrs_morph1,1_qrs_morph2,1_qrs_morph3,1_qrs_morph4
76,313,0.07434712,-0.160547951,1.036401408,-0.285662496,-0.026823649,41,18,66,7,-0.026823649,-0.001236117,0.016658511,0.143241171,0.996287444,76,313,0.038309507,0.025784325,0.025930319,0.02527078,0.025930319,2,18,22,2,0.025930319,0.025930319,0.025930319,0.02543618,0.02543618
