0_pre-RR,0_post-RR,0_pPeak,0_tPeak,0_rPeak,0_sPeak,0_qPeak,0_qrs_interval,0_pq_interval,0_qt_interval,0_st_interval,0_qrs_morph0,0_qrs_morph1,0_qrs_morph2,0_qrs_morph3,0_qrs_morph4,1_pre-RR,1_post-RR,1_pPeak,1_tPeak,1_rPeak,1_sPeak,1_qPeak,1_qrs_interval,1_pq_interval,1_qt_interval,1_st_interval,1_qrs_morph0,1_qrs_morph1,1_qrs_morph2,1_qrs_morph3,1_qrs_morph4
122,241,0.42848055,1.041392128,1.008230369,1.008230369,0.128532985,13,26,40,1,0.128532985,0.140667816,0.260797769,0.403646072,0.696566764,122,241,0.000414187,0.204713578,-0.092351087,-0.167949133,-0.092351087,4,5,20,11,-0.092351087,-0.092351087,-0.120883617,-0.144738434,-0.160879908
